{
  "_generated": "Generated by SweetTooth, do not edit", 
  "cinnamon-version": [
    "1.2", 
    "1.4", 
    "1.6", 
    "1.8", 
    "1.9", 
    "2.0", 
    "2.1", 
    "2.2", 
    "2.3", 
    "2.4", 
    "2.8", 
    "3.0"
  ], 
  "description": "Replacement of Alt-Tab, iterates through windows in a cover-flow manner.", 
  "name": "Coverflow Alt-Tab", 
  "shell-version": [
    "3.28", 
    "3.30"
  ], 
  "url": "https://github.com/dmo60/CoverflowAltTab", 
  "uuid": "CoverflowAltTab@palatis.blogspot.com", 
  "version": 36
}