{
  "_generated": "Generated by SweetTooth, do not edit", 
  "description": "A replacement for Alt-Tab, cycles through apps on current workspace only.", 
  "name": "Alt Tab Workspace", 
  "original-authors": "krzysztof.walo@gmail.com", 
  "shell-version": [
    "3.10", 
    "3.12", 
    "3.14", 
    "3.14.3", 
    "3.16", 
    "3.18", 
    "3.24", 
    "3.28", 
    "3.20.4", 
    "3.22.3"
  ], 
  "url": "https://github.com/kwalo/gnome-shell-alt-tab-workspace", 
  "uuid": "alt-tab-workspace@kwalo.net", 
  "version": 13
}