{
  "_generated": "Generated by SweetTooth, do not edit", 
  "description": "Disable the screensaver and auto suspend", 
  "gettext-domain": "gnome-shell-extension-caffeine", 
  "name": "Caffeine", 
  "settings-schema": "org.gnome.shell.extensions.caffeine", 
  "shell-version": [
    "3.10", 
    "3.12", 
    "3.14", 
    "3.16", 
    "3.18", 
    "3.20", 
    "3.22", 
    "3.24", 
    "3.26", 
    "3.28", 
    "3.30", 
    "3.32"
  ], 
  "url": "https://github.com/eonpatapon/gnome-shell-extension-caffeine", 
  "uuid": "caffeine@patapon.info", 
  "version": 32
}