{
  "_generated": "Generated by SweetTooth, do not edit",
  "description": "Shows a tooltip over applications icons on applications overview with complete application name and description.",
  "gettext-domain": "applications-overview-tooltip",
  "name": "Applications Overview Tooltip",
  "settings-schema": "org.gnome.shell.extensions.applications-overview-tooltip",
  "shell-version": [
    "3.20",
    "3.30",
    "3.34",
    "3.32",
    "3.36"
  ],
  "url": "https://github.com/RaphaelRochet/applications-overview-tooltip",
  "uuid": "applications-overview-tooltip@RaphaelRochet",
  "version": 7
}