<?xml version="1.0"?>

<interface domain="applications-overview-tooltip">

	<object class="GtkAdjustment" id="Adjust_1">
		<property name="lower">0</property>
		<property name="upper">1500</property>
		<property name="step_increment">5</property>
	</object>
	<object class="GtkAdjustment" id="Adjust_2">
		<property name="lower">0</property>
		<property name="upper">150</property>
		<property name="step_increment">5</property>
	</object>
	<object class="GtkAdjustment" id="Adjust_3">
		<property name="lower">0</property>
		<property name="upper">150</property>
		<property name="step_increment">5</property>
	</object>

	<object class="GtkNotebook" id="prefs_widget">
		<property name="expand">true</property>

		<child>
			<object class="GtkGrid">
				<property name="margin">18</property>
				<property name="row-spacing">18</property>
				<property name="row-homogeneous">false</property>
				<property name="orientation">vertical</property>

				<child>
					<object class="GtkVBox">
						<property name="spacing">6</property>

						<child>
							<object class="GtkLabel">
								<property name="label" translatable="yes">Application title / Group name</property>
								<property name="hexpand">true</property>
								<property name="halign">1</property>
								<attributes>
									<attribute name="weight" value="PANGO_WEIGHT_BOLD"/>
								</attributes>
							</object>
						</child>

						<child>
							<object class="GtkBox">
								<property name="spacing">12</property>
								<property name="margin-left">12</property>
								<child>
									<object class="GtkLabel">
										<property name="label" translatable="yes">Show in tooltip</property>
										<property name="hexpand">true</property>
										<property name="halign">1</property>
									</object>
								</child>
								<child>
									<object class="GtkSwitch" id="field_title">
										<property name="active">true</property>
									</object>
								</child>
							</object>
						</child>
						<child>
							<object class="GtkBox">
								<property name="spacing">12</property>
								<property name="margin-left">12</property>
								<child>
									<object class="GtkLabel">
										<property name="label" translatable="yes">Show even if the icon-label is not elipsized</property>
										<property name="hexpand">true</property>
										<property name="halign">1</property>
									</object>
								</child>
								<child>
									<object class="GtkSwitch" id="field_title_always">
										<property name="active">true</property>
									</object>
								</child>
							</object>
						</child>

					</object>
				</child>
				<child>
					<object class="GtkVBox">
						<property name="spacing">6</property>

						<child>
							<object class="GtkLabel">
								<property name="label" translatable="yes">Application description</property>
								<property name="hexpand">true</property>
								<property name="halign">1</property>
								<attributes>
									<attribute name="weight" value="PANGO_WEIGHT_BOLD"/>
								</attributes>
							</object>
						</child>

						<child>
							<object class="GtkBox">
								<property name="spacing">12</property>
								<property name="margin-left">12</property>
								<child>
									<object class="GtkLabel">
										<property name="label" translatable="yes">Show in tooltip</property>
										<property name="hexpand">true</property>
										<property name="halign">1</property>
									</object>
								</child>
								<child>
									<object class="GtkSwitch" id="field_appdescription">
										<property name="active">true</property>
									</object>
								</child>
							</object>
						</child>

					</object>
				</child>
				<child>
					<object class="GtkVBox">
						<property name="spacing">6</property>

						<child>
							<object class="GtkLabel">
								<property name="label" translatable="yes">Application count on groups</property>
								<property name="hexpand">true</property>
								<property name="halign">1</property>
								<attributes>
									<attribute name="weight" value="PANGO_WEIGHT_BOLD"/>
								</attributes>
							</object>
						</child>

						<child>
							<object class="GtkBox">
								<property name="spacing">12</property>
								<property name="margin-left">12</property>
								<child>
									<object class="GtkLabel">
										<property name="label" translatable="yes">Show in tooltip</property>
										<property name="hexpand">true</property>
										<property name="halign">1</property>
									</object>
								</child>
								<child>
									<object class="GtkSwitch" id="field_groupappcount">
										<property name="active">true</property>
									</object>
								</child>
							</object>
						</child>

					</object>
				</child>
				<child>
					<object class="GtkVBox">
						<property name="spacing">6</property>

						<child>
							<object class="GtkLabel">
								<property name="label" translatable="yes">Tooltip style</property>
								<property name="hexpand">true</property>
								<property name="halign">1</property>
								<attributes>
									<attribute name="weight" value="PANGO_WEIGHT_BOLD"/>
								</attributes>
							</object>
						</child>

						<child>
							<object class="GtkBox">
								<property name="spacing">12</property>
								<property name="margin-left">12</property>
								<child>
									<object class="GtkLabel">
										<property name="label" translatable="yes">Draw borders</property>
										<property name="hexpand">true</property>
										<property name="halign">1</property>
									</object>
								</child>
								<child>
									<object class="GtkSwitch" id="field_borders">
										<property name="active">false</property>
									</object>
								</child>
							</object>
						</child>

					</object>
				</child>

			</object>
		</child>

		<child type="tab">
			<object class="GtkLabel">
				<property name="label" translatable="yes">Tooltip appearance</property>
			</object>
		</child>

		<child>
			<object class="GtkGrid">
				<property name="margin">18</property>
				<property name="row-spacing">18</property>
				<property name="row-homogeneous">false</property>
				<property name="orientation">vertical</property>

				<child>
					<object class="GtkVBox">
					<property name="spacing">6</property>

					<child>
						<object class="GtkLabel">
							<property name="label" translatable="yes">Timings</property>
							<property name="hexpand">true</property>
							<property name="halign">1</property>
							<attributes>
								<attribute name="weight" value="PANGO_WEIGHT_BOLD"/>
							</attributes>
						</object>
					</child>

					<child>
						<object class="GtkBox">
							<property name="spacing">12</property>
							<property name="margin-left">12</property>
							<child>
								<object class="GtkLabel">
									<property name="label" translatable="yes">Hover time before the tooltip is displayed (in ms)</property>
									<property name="hexpand">true</property>
									<property name="xalign">0</property>
									<property name="wrap">1</property>
								</object>
							</child>
							<child>
								<object class="GtkSpinButton" id="field_hoverdelay">
									<property name="adjustment">Adjust_1</property>
								</object>
							</child>
						</object>
					</child>

					<child>
						<object class="GtkBox">
							<property name="spacing">12</property>
							<property name="margin-left">12</property>
							<child>
								<object class="GtkLabel">
									<property name="label" translatable="yes">Tooltip display animation duration (in ms)</property>
									<property name="hexpand">true</property>
									<property name="xalign">0</property>
									<property name="wrap">1</property>
								</object>
							</child>
							<child>
								<object class="GtkSpinButton" id="field_labelshowtime">
									<property name="adjustment">Adjust_2</property>
								</object>
							</child>
						</object>
					</child>

					<child>
						<object class="GtkBox">
							<property name="spacing">12</property>
							<property name="margin-left">12</property>
							<child>
								<object class="GtkLabel">
									<property name="label" translatable="yes">Tooltip dismiss animation duration (in ms)</property>
									<property name="hexpand">true</property>
									<property name="xalign">0</property>
									<property name="wrap">1</property>
								</object>
							</child>
							<child>
								<object class="GtkSpinButton" id="field_labelhidetime">
									<property name="adjustment">Adjust_3</property>
								</object>
							</child>
						</object>
					</child>

					</object>
				</child>

			</object>
		</child>

		<child type="tab">
			<object class="GtkLabel">
				<property name="label" translatable="yes">Advanced settings</property>
			</object>
		</child>

	</object>

</interface>
