{
  "_generated": "Generated by SweetTooth, do not edit", 
  "description": "Indicates uptime in status area. When clicked, a popup menu indicates the date when the system was started.", 
  "name": "Uptime Indicator", 
  "shell-version": [
    "3.4", 
    "3.6", 
    "3.8", 
    "3.10", 
    "3.12", 
    "3.14", 
    "3.16", 
    "3.18", 
    "3.20", 
    "3.22"
  ], 
  "url": "https://github.com/Gniourf/Uptime-Indicator", 
  "uuid": "uptime-indicator@gniourfgniourf.gmail.com", 
  "version": 14
}