{
  "_generated": "Generated by SweetTooth, do not edit",
  "description": "This extension simplifies the use of the video recording function integrated in GNOME shell, allows quickly to change the various settings of the desktop recording.\n\nSource code / Issue tracker:\n\nhttps://github.com/EasyScreenCast/EasyScreenCast",
  "name": "EasyScreenCast",
  "shell-version": [
    "3.16",
    "3.18",
    "3.20",
    "3.22",
    "3.24",
    "3.26",
    "3.28",
    "3.30"
  ],
  "url": "https://github.com/EasyScreenCast/EasyScreenCast",
  "uuid": "EasyScreenCast@iacopodeenosee.gmail.com",
  "version": 40
}